[{"id":"2d84f67a.c41d4a","type":"function","z":"5d534e51.936c7","name":"prediction","func":"var token=msg.payload.token;\nvar gc=global.get(\"gc\");\nvar op=global.get(\"op\");\nvar cp=global.get(\"cp\");\nvar to=global.get(\"to\");\nvar sp=global.get(\"sp\");\nmsg.payload={\"fields\":[\"gc\",\"op\",\"cp\",\"to\",\"sp\"],\"values\":[[gc,op,cp,to,sp]]};\nmsg.headers={\"Authorization\":\"Bearer \"+token}\nreturn msg;","outputs":1,"noerr":0,"x":278.1000061035156,"y":85.20000171661377,"wires":[["d99e523.2ffd1b"]]}]